INSERT INTO `producto` (`id`, `nombre`, `serial`, `codigo`, `laboratorio_id`, `categoria_id`, `unidad_id`, `tipo`, `activo`,`costo_usd_1`, `util_usd_1`, `util_usd_2`, `util_usd_3`, `util_usd_4`, `util_usd_5`, `util_usd_6`, `util_usd_7`,  `precio_usd_1`,  `precio_usd_2`,  `precio_usd_3`,  `precio_usd_4`,  `precio_usd_5`,  `precio_usd_6`,  `precio_usd_7`,  `created_at`, `updated_at`, `created_by`, `updated_by`) VALUES
(1,"GLUCAMIDA 5 MG X 100 TABLETAS","0000000000022","01-17-IMP-00000001",5,24,"1","2",0,24.00,321.01,100.00,355.42,321.01,383.00,0.00,0.00,0.00,0.00,0.00,0.00,0.00,0.00,0.00, '2020-05-05 22:50:54', '2020-06-10 08:51:14', 1, 1),
(2,"NIFEDIPINA 20 MG X 100 TABLETAS","06937874109567","01-30-IMP-00000002",1,36,"1","2",1,0.96,243.75,238.54,270.83,243.75,293.75,0.00,0.00,3.30,825.20,884.59,930.99,959.77,293.75,0.00, '2020-05-05 22:50:54', '2020-06-10 08:51:14', 1, 1),
(3,"ACIDO FOLICO 5 MG X 100 TABLETAS RECUBIERTAS","06937874110525","01-18-IMP-00000003",1,25,"1","2",1,0.50,236.00,224.00,410.00,236.00,278.00,0.00,0.00,1.68,764.64,1142.40,1377.60,892.08,278.00,0.00, '2020-05-05 22:50:54', '2020-06-10 08:51:14', 1, 1),
(4,"AMLODIPINA 10 MG X 100 TABLETAS","07460260000142","01-19-IMP-00000004",1,26,"1","2",1,1.36,250.74,135.29,319.85,319.85,381.62,0.00,0.00,4.77,589.97,568.04,1342.91,1540.47,381.62,0.00, '2020-05-05 22:50:54', '2020-06-10 08:51:14', 1, 1),
(5,"ENALAPRIL 20 MG X 100 TABLETAS","07460260000210","01-48-IMP-00000005",1,54,"1","2",1,1.03,137.86,94.17,137.86,120.39,200.00,0.00,0.00,2.45,267.70,224.01,303.84,361.17,200.00,0.00, '2020-05-05 22:50:54', '2020-06-10 08:51:14', 1, 1),
(6,"CIPROFLOXACINA 200MG/100ML AMPOLLA INTRAVENOSO","07460260000227","01-19-IMP-00000006",1,26,"1","2",1,0.43,155.81,109.30,200.00,200.00,237.21,0.00,0.00,1.10,326.12,327.91,600.00,674.42,237.21,0.00, '2020-05-05 22:50:54', '2020-06-10 08:51:14', 1, 1),
(7,"METRONIDAZOL 500 MG/100 ML AMPOLLA","07460260000234","01-19-IMP-00000007",1,26,"1","2",1,0.41,168.29,163.41,190.24,168.29,156.10,0.00,0.00,1.10,443.31,474.30,510.41,430.99,156.10,0.00, '2020-05-05 22:50:54', '2020-06-10 08:51:14', 1, 1),
(8,"VITAMINA C 500MG 100 TABLETAS MASTICABLES","07460260000852","01-45-IMP-00000008",1,51,"1","2",0,3.96,275.25,275.25,275.25,300.51,372.73,0.00,0.00,14.86,1032.89,1032.89,1102.40,1420.57,372.73,0.00, '2020-05-05 22:50:54', '2020-06-10 08:51:14', 1, 1),
(9,"DICLOFENAC SODICO 50MG+PARACETAMOL 500MG X 100 TABLETAS","07469106377332","01-28-IMP-00000009",1,34,"1","2",1,1.10,298.18,254.55,325.45,298.18,346.36,0.00,0.00,4.38,1057.19,1082.98,1295.90,1330.98,346.36,0.00, '2020-05-05 22:50:54', '2020-06-10 08:51:14', 1, 1),
(10,"VITAMINA COMPLEJO B 10ML","07469106377349","01-45-IMP-00000010",1,51,"1","2",1,0.31,122.58,122.58,122.58,122.58,180.65,0.00,0.00,0.69,272.84,272.84,272.84,344.02,180.65,0.00, '2020-05-05 22:50:54', '2020-06-10 08:51:14', 1, 1),
(11,"OMEPRAZOL 20 MG X 100 CAPSULAS","07469106377356","01-13-IMP-00000011",1,20,"1","2",1,1.31,102.29,167.18,319.08,319.08,380.15,0.00,0.00,2.65,273.29,700.61,1337.23,1532.09,380.15,0.00, '2020-05-05 22:50:54', '2020-06-10 08:51:14', 1, 1),
(12,"TRIMETOPRIM 80 MG + SULFAMETOXAZOL 400 MG X 100 TABLETAS","07469106377363","01-19-IMP-00000012",1,26,"1","2",1,1.88,107.45,150.00,174.47,174.47,110.11,0.00,0.00,3.90,268.62,411.70,478.86,366.57,110.11,0.00, '2020-05-05 22:50:54', '2020-06-10 08:51:14', 1, 1),
(13,"RANITIDINA 300 MG X  100 TABLETAS","07469106377370","01-13-IMP-00000013",1,20,"1","2",1,1.70,171.76,100.00,193.53,171.76,211.18,0.00,0.00,4.62,343.53,293.53,525.94,534.49,211.18,0.00, '2020-05-05 22:50:54', '2020-06-10 08:51:14', 1, 1),
(14,"FUROSEMIDA 40 MG X 100 TABLETAS","07469106377387","01-14-IMP-00000014",1,21,"1","2",1,0.83,138.55,115.66,246.99,427.71,109.64,0.00,0.00,1.98,298.81,401.34,1303.38,896.65,109.64,0.00, '2020-05-05 22:50:54', '2020-06-10 08:51:14', 1, 1),
(15,"ENALAPRIL 10MG X 100 TABLETAS","07469106377394","01-48-IMP-00000015",NULL,54,"1","2",1,1.03,195.15,66.02,228.16,72.82,70.87,0.00,0.00,3.04,323.98,216.65,394.29,124.42,70.87,0.00, '2020-05-05 22:50:54', '2020-06-10 08:51:14', 1, 1),
(16,"CREMA HEMORROIDES CREMA 30 G","08904171900461","01-02-IMP-00000016",1,9,"1","2",1,0.55,192.73,209.09,245.45,245.45,287.27,0.00,0.00,1.61,595.70,722.31,847.93,950.58,287.27,0.00, '2020-05-05 22:50:54', '2020-06-10 08:51:14', 1, 1),
(17,"CLOTRIMAZOL 2% W/W CREMA 30 G","08904171901819","01-23-IMP-00000017",1,30,"1","2",1,0.51,164.71,225.49,237.25,237.25,280.39,0.00,0.00,1.35,536.10,760.48,800.15,902.50,280.39,0.00, '2020-05-05 22:50:54', '2020-06-10 08:51:14', 1, 1),
(18,"HIDROCORTISONA 1% CREMA 15GR","08904171901895","01-07-IMP-00000018",1,14,"1","2",1,0.50,134.00,160.00,170.00,170.00,152.00,0.00,0.00,1.17,348.40,432.00,459.00,428.40,152.00,0.00, '2020-05-05 22:50:54', '2020-06-10 08:51:14', 1, 1),
(19,"KETOCONAZOL 2% CREMA","08904171905084","01-23-IMP-00000019",1,30,"1","2",1,0.46,134.78,167.39,200.00,178.26,213.04,0.00,0.00,1.08,360.40,502.17,556.52,558.03,213.04,0.00, '2020-05-05 22:50:54', '2020-06-10 08:51:14', 1, 1),
(20,"AMOXYPLUS 312,5MG/5ML SUSPENSION 100 ML","08904171905961","01-19-IMP-00000020",1,26,"1","2",1,2.50,100.00,100.00,124.80,124.80,135.20,0.00,0.00,5.00,200.01,224.80,280.55,293.53,135.20,0.00, '2020-05-05 22:50:54', '2020-06-10 08:51:14', 1, 1),
(21,"NISTATINA 100,000 IU SUSPENSION 30 ML","08904171910309","01-23-IMP-00000021",1,30,"1","2",1,0.59,144.07,169.49,181.36,181.36,215.25,0.00,0.00,1.44,388.25,476.87,510.26,571.73,215.25,0.00, '2020-05-05 22:50:54', '2020-06-10 08:51:14', 1, 1),
(22,"LECHE DE MAGNESIA 60ML","1663020012485","01-13-IMP-00000022",8,20,"1","2",1,0.54,120.37,120.37,124.07,124.07,177.78,0.00,0.00,1.19,265.26,269.72,278.02,344.65,177.78,0.00, '2020-05-05 22:50:54', '2020-06-10 08:51:14', 1, 1),
(23,"CARBAMAZEPINA 200MG X 100 TABLETAS","18901790697410","01-04-IMP-00000023",2,11,"1","2",1,3.40,110.00,100.00,125.00,110.00,125.00,0.00,0.00,0.00,0.00,0.00,0.00,0.00,0.00,0.00, '2020-05-05 22:50:54', '2020-06-10 08:51:14', 1, 1),
(24,"SILDENAFIL 100MG X 10 CAJAS X 2 BLISTER DE 4 TABLETAS","18904171901236","01-52-IMP-00000024",1,58,"1","2",1,2.97,102.02,102.02,194.28,362.63,174.75,0.00,0.00,6.00,206.10,300.22,898.77,996.31,174.75,0.00, '2020-05-05 22:50:54', '2020-06-10 08:51:14', 1, 1),
(25,"NANVIT E 400 IU X 100 CAPSULAS","18904171902554","01-45-IMP-00000025",1,51,"1","2",1,3.07,128.01,252.77,266.45,266.45,242.35,0.00,0.00,7.00,451.59,926.27,976.40,912.18,242.35,0.00, '2020-05-05 22:50:54', '2020-06-10 08:51:14', 1, 1),
(26,"CONDONES BOSSMAN 24X3","18904171910962","01-51-IMP-00000026",NULL,57,"1","2",1,5.99,100.00,100.00,181.64,181.64,162.94,0.00,0.00,11.98,200.01,281.65,511.55,477.59,162.94,0.00, '2020-05-05 22:50:54', '2020-06-10 08:51:14', 1, 1),
(27,"SECNIDAZOL 500 MG X 10 BLISTER X 4 PASTILLAS","18904171911877","01-53-IMP-00000027",1,59,"1","2",1,2.08,140.38,116.83,203.85,300.00,152.40,0.00,0.00,5.00,304.39,354.97,815.38,757.21,152.40,0.00, '2020-05-05 22:50:54', '2020-06-10 08:51:14', 1, 1),
(28,"ESOMEPRAZOL 40MG X 100 TABLETAS RECUBIERTAS","18904171911969","01-13-IMP-00000028",1,20,"1","2",0,7.50,20.00,30.00,35.00,0.00,0.00,0.00,0.00,9.00,26.00,40.50,35.00,0.00,0.00,0.00, '2020-05-05 22:50:54', '2020-06-10 08:51:14', 1, 1),
(29,"LEVOFLOXACINA 750 MG X 50 TABLETAS RECUBIERTAS","18904171912027","01-10-IMP-00000029",1,17,"1","2",1,3.95,100.00,102.53,146.33,146.33,110.13,0.00,0.00,7.90,202.53,252.57,360.45,307.48,110.13,0.00, '2020-05-05 22:50:54', '2020-06-10 08:51:14', 1, 1),
(30,"FLUCONAZOL 150MG X 1","18904187810522","01-23-IMP-00000030",3,30,"1","2",1,0.07,410.00,471.43,735.00,471.43,742.86,0.00,0.00,0.36,2342.86,3936.43,4200.00,3973.47,742.86,0.00, '2020-05-05 22:50:54', '2020-06-10 08:51:14', 1, 1),
(31,"AMOXYPLUS 625 MG X 10 TABLETAS","18906101701008","01-19-IMP-00000031",1,26,"1","2",1,2.36,98.73,99.15,114.83,138.14,129.24,0.00,0.00,4.69,196.62,213.01,273.45,316.66,129.24,0.00, '2020-05-05 22:50:54', '2020-06-10 08:51:14', 1, 1),
(32,"ERITROMICINA ESTOLATO 125MG/5ML SUSPENSION 60 ML","18906101701015","01-19-IMP-00000032",1,26,"1","2",1,0.59,118.64,115.25,135.59,118.64,110.17,0.00,0.00,1.29,255.39,271.53,296.47,249.35,110.17,0.00, '2020-05-05 22:50:54', '2020-06-10 08:51:14', 1, 1),
(33,"MELOXICAM 15 MG X 100 TABLETAS","18906101701251","01-28-IMP-00000033",1,34,"1","2",1,1.36,157.35,157.35,230.88,385.29,455.88,0.00,0.00,3.50,404.95,520.65,1120.46,2141.78,455.88,0.00, '2020-05-05 22:50:54', '2020-06-10 08:51:14', 1, 1),
(34,"LOSARTAN POTASICO 100MG X 100 TABLETAS","18906101701305","01-48-IMP-00000034",1,54,"1","2",1,2.57,164.59,92.61,279.38,279.38,151.75,0.00,0.00,6.80,317.01,351.33,1059.89,703.34,151.75,0.00, '2020-05-05 22:50:54', '2020-06-10 08:51:14', 1, 1),
(35,"VITAMINA C 1000MG EFERVESCENTES","18906101701541","01-45-IMP-00000035",1,51,"1","2",1,1.70,200.00,200.00,211.76,223.53,278.24,0.00,0.00,5.10,600.00,623.53,685.12,845.47,278.24,0.00, '2020-05-05 22:50:54', '2020-06-10 08:51:14', 1, 1),
(36,"ESOMEPRAZOL 40MG X 100 TABLETAS","18906101701596","01-13-IMP-00000036",1,20,"1","2",1,3.60,91.67,94.44,91.67,175.00,215.00,0.00,0.00,6.90,178.24,181.02,252.08,551.25,215.00,0.00, '2020-05-05 22:50:54', '2020-06-10 08:51:14', 1, 1),
(37,"MULTIVITAMINA JARABE 100ML","18906101701602","01-45-IMP-00000037",1,51,"1","2",1,0.53,122.64,115.09,139.62,122.64,150.94,0.00,0.00,1.18,263.79,275.79,310.86,307.76,150.94,0.00, '2020-05-05 22:50:54', '2020-06-10 08:51:14', 1, 1),
(38,"VITAMINA COMPLEJO B JARABE 100ML","18906101701619","01-45-IMP-00000038",1,51,"1","2",1,0.49,122.45,308.16,140.82,140.82,148.98,0.00,0.00,1.09,499.79,742.11,339.11,350.60,148.98,0.00, '2020-05-05 22:50:54', '2020-06-10 08:51:14', 1, 1),
(39,"NANPROFEN (IBUPROFENO) 100 MG / 5 ML SUSPENSION","18906101701640","01-03-IMP-00000039",1,10,"1","2",1,0.45,195.56,100.00,173.33,173.33,208.89,0.00,0.00,1.33,391.11,273.33,473.78,535.41,208.89,0.00, '2020-05-05 22:50:54', '2020-06-10 08:51:14', 1, 1),
(40,"CETIRIZINA 10 MG X 100 TABLETAS","18906101701657","01-26-IMP-00000040",1,33,"1","2",1,0.75,237.33,237.33,370.67,370.67,486.66,0.00,0.00,2.53,800.60,1117.03,1744.60,2174.55,486.66,0.00, '2020-05-05 22:50:54', '2020-06-10 08:51:14', 1, 1),
(41,"ALBENDAZOL 400MG X 100 TABLETAS","18906101701664","01-53-IMP-00000041",1,59,"1","2",1,4.22,110.00,100.00,125.00,110.00,125.00,0.00,0.00, 0.00,0.00,0.00,0.00,0.00,0.00,0.00,'2020-05-05 22:50:54', '2020-06-10 08:51:14', 1, 1),
(42,"ERITROMICINA ESTOLATO 250MG/5ML SUSPENSION 60 ML","18906101701701","01-19-IMP-00000042",1,26,"1","2",1,0.95,105.26,115.79,98.95,124.21,110.53,0.00,0.00,1.95,227.15,230.36,221.85,261.50,110.53,0.00, '2020-05-05 22:50:54', '2020-06-10 08:51:14', 1, 1),
(43,"MIXAGRIP SUSPENSION 120ML","18906101702012","01-03-IMP-00000043",1,10,"1","2",1,0.53,110.00,100.00,125.00,110.00,125.00,0.00,0.00,0.00,0.00,0.00,0.00,0.00,0.00,0.00, '2020-05-05 22:50:54', '2020-06-10 08:51:14', 1, 1),
(44,"CLOTRIMAZOL+GENTAMICINA+BETAMETASONA","18906101702043","01-19-IMP-00000044",1,26,"1","2",1,0.82,156.10,170.73,191.46,191.46,215.85,0.00,0.00,2.10,422.61,497.62,558.05,604.74,215.85,0.00, '2020-05-05 22:50:54', '2020-06-10 08:51:14', 1, 1),
(45,"CITICOLINA 500MG X 1AMPOLLA","18907010009926","01-25-IMP-00000045",1,32,"1","2",1,2.33,160.52,132.62,170.39,141.20,170.82,0.00,0.00,6.07,373.39,358.58,410.97,382.40,170.82,0.00, '2020-05-05 22:50:54', '2020-06-10 08:51:14', 1, 1),
(46,"TADALAFIL 20 MG X 10 CAJAS X 1 BLISTER X 4","28906101701029","01-52-IMP-00000046",1,58,"1","2",1,1.51,436.42,111.92,283.44,482.12,566.89,0.00,0.00,8.10,924.87,429.15,1649.98,3215.19,566.89,0.00, '2020-05-05 22:50:54', '2020-06-10 08:51:14', 1, 1),
(47,"AZITROMICINA 500 MG X 10 CAJITAS X 1 BLISTER DE 3 TABLETAS RECUBIERTAS","28906101701197","01-19-IMP-00000047",1,26,"1","2",1,4.91,125.46,150.51,181.67,181.67,215.68,0.00,0.00,11.07,314.28,423.94,511.71,573.50,215.68,0.00, '2020-05-05 22:50:54', '2020-06-10 08:51:14', 1, 1),
(48,"PASTILLAS ANTICONCEPTIVO (MICROGYNON) X 3","4008500060476","01-51-IMP-00000048",13,57,"1","2",0,0.00,0.00,0.00,0.00,0.00,0.00,0.00,0.00,0.00,0.00,0.00,0.00,0.00,0.00,0.00, '2020-05-05 22:50:54', '2020-06-10 08:51:14', 1, 1),
(49,"AMPICILINA 500 MG X 100 TABLETAS","6937874100182","01-19-IMP-00000049",1,26,"1","2",1,3.36,141.07,105.36,181.25,181.25,214.88,0.00,0.00,8.10,289.70,296.32,509.77,570.72,214.88,0.00, '2020-05-05 22:50:54', '2020-06-10 08:51:14', 1, 1),
(50,"CEFALEXINA 500MG X 100 CAPSULAS","6937874100212","01-19-IMP-00000050",1,26,"1","2",1,5.31,133.52,99.62,179.66,179.66,154.99,0.00,0.00,12.40,266.54,278.61,502.44,458.12,154.99,0.00, '2020-05-05 22:50:54', '2020-06-10 08:51:14', 1, 1),
(51,"DOXICICLINA 100 MG X 100 CAPSULAS","6937874100274","01-19-IMP-00000051",1,26,"1","2",1,2.56,153.91,114.84,169.53,176.56,219.92,0.00,0.00,6.50,330.66,309.54,468.86,564.86,219.92,0.00, '2020-05-05 22:50:54', '2020-06-10 08:51:14', 1, 1),
(52,"OMEPRAZOL 40 MG INYECCIÓN 10 ML","6937874100625","01-13-IMP-00000052",1,20,"1","2",1,1.28,13.28,2.34,28.91,28.91,62.50,0.00,0.00,1.45,13.59,3.02,37.26,46.97,62.50,0.00, '2020-05-05 22:50:54', '2020-06-10 08:51:14', 1, 1),
(53,"DEXAMETASONA 4MG/1ML INYECCION","6937874101264","01-IMP-00000053",1,35,"1","2",1,0.00,0.00,0.00,0.00,0.00,0.00,0.00,0.00,0.00,0.00,0.00,0.00,0.00,0.00,0.00, '2020-05-05 22:50:54', '2020-06-10 08:51:14', 1, 1),
(54,"CEFTRIAXONA 1GR IM/EV AMPOLLA","6937874101103","01-19-IMP-00000054",1,26,"1","2",0,0.48,129.17,56.25,154.17,154.17,191.67,0.00,0.00, 0.00,0.00,0.00,0.00,0.00,0.00,0.00,'2020-05-05 22:50:54', '2020-06-10 08:51:14', 1, 1),
(55,"DICLOFENAC 75MG/3ML AMPOLLA","6937874101295","01-28-IMP-00000056",1,34,"1","2",1,4.50,100.00,100.00,124.00,124.00,152.00,0.00,0.00,9.00,200.00,224.00,277.76,312.48,152.00,0.00, '2020-05-05 22:50:54', '2020-06-10 08:51:14', 1, 1),
(56,"FUROSEMIDA 20 MG/2ML X 100 AMPOLLAS","6937874101356","01-14-IMP-00000057",1,21,"1","2",1,4.15,184.34,116.63,237.83,163.37,110.12,0.00,0.00,11.80,399.32,394.00,626.38,343.28,110.12,0.00, '2020-05-05 22:50:54', '2020-06-10 08:51:14', 1, 1),
(57,"OXITOCINA 10 IU/ML X 100 AMPOLLAS","6937874101530","01-42-IMP-00000058",1,48,"1","2",1,26.66,20.00,30.00,32.00,35.00,35.00,0.00,0.00,31.99,26.00,39.60,43.20,47.25,35.00,0.00, '2020-05-05 22:50:54', '2020-06-10 08:51:14', 1, 1),
(58,"SALBUTAMOL 100MCG/DOSIS - 200 DOSIS","6937874101981","01-41-IMP-00000059",1,47,"1","2",1,2.38,110.00,100.00,125.00,110.00,125.00,0.00,0.00,5.00,220.00,225.00,262.50,247.50,125.00,0.00, '2020-05-05 22:50:54', '2020-06-10 08:51:14', 1, 1),
(59,"JERINGAS DESECHABLES 10ML/CC X 100 UNIDADES","6937874103312","02-IMP-00000001",1,2,"1","2",1,4.25,108.94,116.47,100.00,186.35,110.12,0.00,0.00,8.88,235.83,232.94,286.35,391.56,110.12,0.00, '2020-05-05 22:50:54', '2020-06-10 08:51:14', 1, 1),
(60,"JERINGAS DESECHABLES 5ML/CC X 100 UNIDADES","6937874103404","02-IMP-00000002",1,2,"1","2",1,2.89,100.28,116.61,120.07,203.46,110.03,0.00,0.00,5.79,217.22,256.62,364.36,427.34,110.03,0.00, '2020-05-05 22:50:54', '2020-06-10 08:51:14', 1, 1),
(61,"AMOXICILINA 250 MG/5ML SUSPENSION 60 ML","6937874103657","01-19-IMP-00000060",1,26,"1","2",1,0.46,204.35,160.87,228.26,228.26,184.78,0.00,0.00,1.40,533.08,528.07,749.29,650.05,184.78,0.00, '2020-05-05 22:50:54', '2020-06-10 08:51:14', 1, 1),
(62,"IBUPROFEN 800MG X 100 TABLETAS RECUBIERTAS","6937874104036","01-03-IMP-00000061",1,10,"1","2",1,3.30,100.00,81.82,133.03,133.03,122.73,0.00,0.00,6.60,181.82,190.66,310.00,296.29,122.73,0.00, '2020-05-05 22:50:54', '2020-06-10 08:51:14', 1, 1),
(63,"ACIDO ACETILSALICILICO 100 MG X 100 TABLETAS","6937874104210","01-03-IMP-00000062",1,10,"1","2",1,0.59,103.39,103.39,179.66,179.66,220.34,0.00,0.00,1.20,210.28,289.14,502.44,575.52,220.34,0.00, '2020-05-05 22:50:54', '2020-06-10 08:51:14', 1, 1),
(64,"DICLOFENAC SODICO 100MG X 100TAB","6937874104364","01-28-IMP-00000063",7,34,"1","2",1,1.15,178.26,840.87,256.52,855.65,162.61,0.00,0.00,3.20,1677.20,2997.88,2451.46,2247.02,162.61,0.00, '2020-05-05 22:50:54', '2020-06-10 08:51:14', 1, 1),
(65,"HIDROCLOROTIAZIDA 50 MG X 100 TABLETAS","6937874104456","01-14-IMP-00000064",1,21,"1","2",1,0.86,458.14,120.93,580.23,736.05,837.21,0.00,0.00,4.80,1012.17,822.61,4851.01,6898.30,837.21,0.00, '2020-05-05 22:50:54', '2020-06-10 08:51:14', 1, 1),
(66,"METOCLOPRAMIDA 10 MG X 100 TABLETAS","6937874104487","01-22-IMP-00000065",1,29,"1","2",1,1.00,100.00,100.00,201.00,560.00,217.00,0.00,0.00,2.00,200.00,301.00,1326.60,1775.20,217.00,0.00, '2020-05-05 22:50:54', '2020-06-10 08:51:14', 1, 1),
(67,"PARACETAMOL 500 MG X 100 TABLETAS","6937874104517","01-03-IMP-00000066",1,10,"1","2",1,0.91,119.78,100.00,237.36,237.36,286.81,0.00,0.00,2.00,239.56,337.36,800.77,918.15,286.81,0.00, '2020-05-05 22:50:54', '2020-06-10 08:51:14', 1, 1),
(68,"AMPICILINA 1G INYECCION IM/IV X 50 AMPOLLAS","6937874104951","01-19-IMP-00000067",1,26,"1","2",1,8.97,148.05,100.01,181.05,181.05,214.83,0.00,0.00,22.25,296.11,281.07,508.83,569.99,214.83,0.00, '2020-05-05 22:50:54', '2020-06-10 08:51:14', 1, 1),
(69,"CIPROFLOXACINA 500MG X 100 TABLETAS","6937874105187","01-19-IMP-00000068",1,26,"1","2",1,5.54,181.23,193.32,204.51,204.51,241.16,0.00,0.00,15.58,531.58,588.69,622.77,697.71,241.16,0.00, '2020-05-05 22:50:54', '2020-06-10 08:51:14', 1, 1),
(70,"METRONIDAZOL 500 MG X 100 TABLETAS","6937874105453","01-19-IMP-00000069",1,26,"1","2",1,1.76,124.43,100.00,174.43,174.43,110.23,0.00,0.00,3.95,248.86,274.43,478.70,366.70,110.23,0.00, '2020-05-05 22:50:54', '2020-06-10 08:51:14', 1, 1),
(71,"SIMVASTATINA 20 MG X 100 TABLETAS","6937874105774","01-38-IMP-00000070",1,44,"1","2",1,1.30,175.38,100.00,230.00,230.00,215.38,0.00,0.00,3.58,350.77,330.00,759.00,725.38,215.38,0.00, '2020-05-05 22:50:54', '2020-06-10 08:51:14', 1, 1),
(72,"METFORMINA 850 MG X 100 TABLETAS","6937874105804","01-17-IMP-00000071",1,24,"1","2",1,2.12,110.00,100.00,125.00,110.00,125.00,0.00,0.00,4.45,220.00,225.00,262.50,247.50,125.00,0.00, '2020-05-05 22:50:54', '2020-06-10 08:51:14', 1, 1),
(73,"LOSARTAN POTASICO 50 MG X 100 TABLETAS","6937874105897","01-48-IMP-00000072",1,54,"1","2",1,1.56,141.03,92.31,185.90,398.08,178.85,0.00,0.00,3.76,271.20,263.91,925.91,1110.02,178.85,0.00, '2020-05-05 22:50:54', '2020-06-10 08:51:14', 1, 1),
(74,"LORATADINA 10 MG X 100 TABLETAS","6937874105927","01-26-IMP-00000073",1,33,"1","2",1,1.32,134.85,116.67,175.00,175.00,152.27,0.00,0.00,3.10,292.17,320.83,481.25,441.48,152.27,0.00, '2020-05-05 22:50:54', '2020-06-10 08:51:14', 1, 1),
(75,"LOPERAMIDA 2 MG X 100 TABLETAS","6937874105958","01-10-IMP-00000074",1,27,"1","2",1,0.75,326.67,166.67,326.67,164.00,152.00,0.00,0.00,3.20,871.11,711.11,862.40,413.28,152.00,0.00, '2020-05-05 22:50:54', '2020-06-10 08:51:14', 1, 1),
(76,"LISINOPRIL 20MG X 100 TABLETAS","6937874105989","01-14-IMP-00000075",1,21,"1","2",1,3.10,117.74,80.65,130.00,130.00,89.68,0.00,0.00,6.75,212.70,185.48,299.00,246.58,89.68,0.00, '2020-05-05 22:50:54', '2020-06-10 08:51:14', 1, 1),
(77,"LISINOPRIL 10 MG X 100 TABLETAS","6937874106016","01-14-IMP-00000076",1,21,"1","2",1,1.84,198.91,101.09,258.70,258.70,242.39,0.00,0.00,5.50,399.99,362.59,927.93,885.75,242.39,0.00, '2020-05-05 22:50:54', '2020-06-10 08:51:14', 1, 1),
(78,"KETOCONAZOL 200 MG X 100 TABLETAS","6937874106047","01-23-IMP-00000077",1,30,"1","2",1,2.47,169.64,223.89,191.09,263.97,131.98,0.00,0.00,6.66,549.43,651.72,695.52,612.36,131.98,0.00, '2020-05-05 22:50:54', '2020-06-10 08:51:14', 1, 1),
(79,"ATENOLOL 100 MG X 100 TABLETAS","6937874106191","01-30-IMP-00000078",1,36,"1","2",1,1.03,125.24,116.50,202.91,125.24,152.43,0.00,0.00,2.32,271.16,352.91,457.05,316.15,152.43,0.00, '2020-05-05 22:50:54', '2020-06-10 08:51:14', 1, 1),
(80,"ACICLOVIR 400MG X 100 TABLETAS RECUBIERTAS","6937874106283","01-34-IMP-00000079",1,40,"1","2",1,3.89,133.93,67.10,189.20,189.20,223.91,0.00,0.00,9.10,223.80,194.04,547.18,612.84,223.91,0.00, '2020-05-05 22:50:54', '2020-06-10 08:51:14', 1, 1),
(81,"SULFATO FERROSO X 100 TABLETAS","6937874106436","01-18-IMP-00000080",1,25,"1","2",1,0.58,331.03,365.52,384.48,384.48,443.10,0.00,0.00,2.50,1541.02,1770.87,1862.75,2088.14,443.10,0.00, '2020-05-05 22:50:54', '2020-06-10 08:51:14', 1, 1),
(82,"NIFEDIPINA 10 MG X 100 TABLETAS","6937874106559","01-30-IMP-00000081",1,36,"1","2",1,0.78,105.13,246.15,251.28,251.28,270.51,0.00,0.00,1.60,363.91,864.69,882.71,931.03,270.51,0.00, '2020-05-05 22:50:54', '2020-06-10 08:51:14', 1, 1),
(83,"DEXAMETASONA 8MG/2ML X 100 AMPOLLAS","6937874106733","01-37-IMP-00000082",1,43,"1","2",1,23.33,20.00,30.00,32.00,32.00,51.18,0.00,0.00,28.00,26.00,39.60,42.24,48.38,51.18,0.00, '2020-05-05 22:50:54', '2020-06-10 08:51:14', 1, 1),
(84,"GLIBENCLAMIDA 5MG X 100 TABLETAS","6937874106795","01-17-IMP-00000083",1,24,"1","2",1,0.81,123.46,150.62,150.62,150.62,216.05,0.00,0.00,1.81,309.40,377.47,377.47,476.02,216.05,0.00, '2020-05-05 22:50:54', '2020-06-10 08:51:14', 1, 1),
(85,"IBUPROFEN 600 MG  X 100 TABLETAS RECUBIERTAS","6937874106825","01-03-IMP-00000084",1,10,"1","2",1,2.91,106.19,89.00,145.36,145.36,181.10,0.00,0.00,6.00,200.69,218.38,356.66,408.61,181.10,0.00, '2020-05-05 22:50:54', '2020-06-10 08:51:14', 1, 1),
(86,"LEVOFLOXACINA 500MG X 100 TABLETAS","6937874106856","01-19-IMP-00000085",1,26,"1","2",1,4.05,100.00,97.53,280.00,280.00,262.72,0.00,0.00,8.10,197.53,370.62,1064.00,1015.60,262.72,0.00, '2020-05-05 22:50:54', '2020-06-10 08:51:14', 1, 1),
(87,"PIROXICAM 20 MG X 100 TABLETAS","6937874106917","01-28-IMP-00000086",1,34,"1","2",1,0.78,152.56,119.23,123.08,534.62,156.41,0.00,0.00,1.97,334.47,265.98,781.07,1370.81,156.41,0.00, '2020-05-05 22:50:54', '2020-06-10 08:51:14', 1, 1),
(88,"CEFADROXILO 250MG/5ML SUSPENSION 60 ML","6937874106955","01-19-IMP-00000087",1,26,"1","2",1,1.60,146.25,136.88,166.25,146.25,130.00,0.00,0.00,3.94,346.43,364.43,409.39,336.38,130.00,0.00, '2020-05-05 22:50:54', '2020-06-10 08:51:14', 1, 1),
(89,"NITROFURAZONA USP 0,2% W/W CREMA 20 G","6937874107082","01-54-IMP-00000088",1,60,"1","2",1,0.40,87.50,112.50,122.50,122.50,150.00,0.00,0.00,0.75,185.94,250.31,272.56,306.25,150.00,0.00, '2020-05-05 22:50:54', '2020-06-10 08:51:14', 1, 1),
(90,"ENALAPRIL 10 MG X 100 TABLETAS","6937874107112","01-48-IMP-00000089",1,54,"1","2",1,1.03,83.50,76.70,98.06,72.82,70.87,0.00,0.00,1.89,147.54,151.91,169.46,124.42,70.87,0.00, '2020-05-05 22:50:54', '2020-06-10 08:51:14', 1, 1),
(91,"ERITROMICINA 500 MG X 100 TABLETAS","6937874107143","01-19-IMP-00000090",1,26,"1","2",11,6.39,126.76,119.09,175.27,175.27,215.34,0.00,0.00,14.49,277.72,327.83,482.48,552.70,215.34,0.00, '2020-05-05 22:50:54', '2020-06-10 08:51:14', 1, 1),
(92,"MULTIVITAMINAS X 100 TABLETAS","6937874107174","01-45-IMP-00000091",1,51,"1","2",1,1.15,105.26,110.53,190.53,190.53,151.58,0.00,0.00,2.36,221.61,321.11,553.53,479.32,151.58,0.00, '2020-05-05 22:50:54', '2020-06-10 08:51:14', 1, 1),
(93,"VITAMINA B COMPLEJO X 100 TABLETAS","6937874107204","01-45-IMP-00000092",1,51,"1","2",1,1.00,219.15,219.15,378.72,378.72,436.17,0.00,0.00,3.19,699.41,1049.12,1813.04,2030.60,436.17,0.00, '2020-05-05 22:50:54', '2020-06-10 08:51:14', 1, 1),
(94,"ACIDO ACETILSALICILICO 300MG X 100 TABLETAS","6937874107297","01-03-IMP-00000093",1,10,"1","2",1,1.77,52.54,52.54,60.00,60.00,77.97,0.00,0.00,2.70,80.15,84.07,96.00,106.78,77.97,0.00, '2020-05-05 22:50:54', '2020-06-10 08:51:14', 1, 1),
(95,"GENTAMICINA IM/IV 2ML X 100 AMPOLLAS","6937874107440","01-19-IMP-00000094",1,26,"1","2",1,5.12,159.77,116.41,180.47,159.77,109.96,0.00,0.00,13.30,345.74,326.48,468.80,335.45,109.96,0.00, '2020-05-05 22:50:54', '2020-06-10 08:51:14', 1, 1),
(96,"DIPIRONA 1G/2ML IM/IV X 100 AMPOLLAS","6937874107563","01-03-IMP-00000095",1,10,"1","2",1,6.01,178.20,99.67,193.18,178.20,165.56,0.00,0.00,16.72,355.81,292.20,537.43,473.23,165.56,0.00, '2020-05-05 22:50:54', '2020-06-10 08:51:14', 1, 1),
(97,"AMIKACINA 500 MG/2ML SOLUCION INYECTABLE","6937874110051","01-19-IMP-00000096",1,26,"1","2",1,15.00,20.00,30.00,35.00,0.00,0.00,0.00,0.00,18.00,26.00,40.50,35.00,0.00,0.00,0.00, '2020-05-05 22:50:54', '2020-06-10 08:51:14', 1, 1),
(98,"VITAMINA COMPLEJO B X 100 AMPOLLAS DE 2ML","6937874111379","01-45-IMP-00000097",1,51,"1","2",0,120.00,20.00,30.00,35.00,0.00,0.00,0.00,0.00,144.00,26.00,40.50,35.00,0.00,0.00,0.00, '2020-05-05 22:50:54', '2020-06-10 08:51:14', 1, 1),
(99,"MEBENDAZOL 100 MG X 10 TABLETAS","6937874111591","01-53-IMP-00000098",1,59,"1","2",1,0.20,100.00,170.00,180.00,180.00,165.00,0.00,0.00,0.40,270.00,476.00,504.00,477.00,165.00,0.00, '2020-05-05 22:50:54', '2020-06-10 08:51:14', 1, 1),
(100,"CLARITROMICINA 500 MG X 10 TABLETAS","6937874111690","01-19-IMP-00000099",1,26,"1","2",1,1.59,20.00,30.00,35.00,0.00,0.00,0.00,0.00,1.91,26.00,40.50,35.00,0.00,0.00,0.00, '2020-05-05 22:50:54', '2020-06-10 08:51:14', 1, 1),
(101,"CLORANFENICOL 0,5% W/V SOLUCION OFTALMICA 10 ML","6937874111898","01-19-IMP-00000100",1,26,"1","2",1,0.24,200.00,125.00,229.17,229.17,216.67,0.00,0.00,0.71,450.00,411.46,754.34,725.69,216.67,0.00, '2020-05-05 22:50:54', '2020-06-10 08:51:14', 1, 1),
(102,"CLOTRIMAZOL 100 MG X 100 TABLETAS VAGINALES","6937874115896","01-23-IMP-00000101",1,30,"1","2",1,3.50,20.00,30.00,35.00,40.00,0.00,0.00,0.00,4.20,26.00,40.50,49.00,40.00,0.00,0.00, '2020-05-05 22:50:54', '2020-06-10 08:51:14', 1, 1),
(103,"AMOXICILINA 500 MG X 100 CAPSULAS","6937874122252","01-19-IMP-00000102",1,26,"1","2",1,3.13,107.67,91.69,180.19,180.19,214.06,0.00,0.00,6.50,206.39,256.92,504.88,565.91,214.06,0.00, '2020-05-05 22:50:54', '2020-06-10 08:51:14', 1, 1),
(104,"CARBAMAZEPINA 200 MG X 100 TABLETAS RECUBIERTAS","6937874178952","01-04-IMP-00000103",1,11,"1","2",1,1.98,102.02,177.78,233.33,233.33,281.82,0.00,0.00,4.00,283.39,592.59,777.78,890.91,281.82,0.00, '2020-05-05 22:50:54', '2020-06-10 08:51:14', 1, 1),
(105,"MONTELUKAST 5MG X 30 TABLETAS MASTICABLES SABOR A FRESA","746107585155","01-41-IMP-00000104",7,47,"1","2",1,5.77,35.18,123.57,46.27,46.27,39.69,0.00,0.00,7.80,78.66,180.75,67.69,64.64,39.69,0.00, '2020-05-05 22:50:54', '2020-06-10 08:51:14', 1, 1),
(106,"TRIMETOPRIM SUSPENSION 120ML","7465668558066","01-19-IMP-00000105",7,26,"1","2",0,3.11,20.00,30.00,35.00,0.00,0.00,0.00,0.00,3.73,26.00,40.50,35.00,0.00,0.00,0.00, '2020-05-05 22:50:54', '2020-06-10 08:51:14', 1, 1),
(107,"MONTELUKAST 10 MG X 30 TABLETAS RECUBIERTAS","7466107585179","01-41-IMP-00000106",7,47,"1","2",0,0.00,0.00,0.00,0.00,0.00,0.00,0.00,0.00,0.00,0.00,0.00,0.00,0.00,0.00,0.00, '2020-05-05 22:50:54', '2020-06-10 08:51:14', 1, 1),
(108,"MONTELUKAST 4MG X 30 TABLETAS MASTICABLES","7466107585186","01-41-IMP-00000107",7,47,"1","2",1,5.22,44.06,129.89,58.05,58.05,50.96,0.00,0.00,7.52,101.29,205.28,91.74,87.62,50.96,0.00, '2020-05-05 22:50:54', '2020-06-10 08:51:14', 1, 1),
(109,"DICLOFENAC POTASICO 50MG X 100 TABLETAS","7466107585346","01-28-IMP-00000108",7,34,"1","2",1,1.65,129.09,100.00,147.27,147.27,211.52,0.00,0.00,3.78,258.18,247.27,364.17,458.78,211.52,0.00, '2020-05-05 22:50:54', '2020-06-10 08:51:14', 1, 1),
(110,"AZITROMICINA 200MG SUSPENSION 15ML","7466107585674","01-19-IMP-00000109",7,26,"1","2",0,6.00,20.00,30.00,35.00,0.00,0.00,0.00,0.00,7.20,26.00,40.50,35.00,0.00,0.00,0.00, '2020-05-05 22:50:54', '2020-06-10 08:51:14', 1, 1),
(111,"NEO-TIMOL GOTAS","7467557553381","01-58-IMP-00000110",NULL,64,"1","2",1,5.79,50.09,50.09,82.73,100.00,57.51,0.00,0.00,8.69,75.17,91.52,165.46,157.51,57.51,0.00, '2020-05-05 22:50:54', '2020-06-10 08:51:14', 1, 1),
(112,"DOBRITIM 5ML","7467557555743","01-58-IMP-00000111",6,64,"1","2",0,0.00,20.00,30.00,35.00,0.00,0.00,0.00,0.00,0.00,26.00,40.50,35.00,0.00,0.00,0.00, '2020-05-05 22:50:54', '2020-06-10 08:51:14', 1, 1),
(113,"ACETAMINOFEN JARABE 60 ML GEFARCA","7467557555965","01-03-IMP-00000112",6,10,"1","2",1,0.40,100.00,100.00,180.00,180.00,212.50,0.00,0.00,0.80,200.00,280.00,504.00,562.50,212.50,0.00, '2020-05-05 22:50:54', '2020-06-10 08:51:14', 1, 1),
(114,"ACIFAR SABOR A MENTA 150ML","7467922680018","01-12-IMP-00000113",5,19,"1","2",0,0.00,20.00,30.00,35.00,0.00,0.00,0.00,0.00,0.00,26.00,40.50,35.00,0.00,0.00,0.00, '2020-05-05 22:50:54', '2020-06-10 08:51:14', 1, 1),
(115,"ACIFAR SABOR A FRESA 150 ML","7467922680025","01-12-IMP-00000114",5,19,"1","2",0,0.00,20.00,30.00,35.00,0.00,0.00,0.00,0.00,0.00,26.00,40.50,35.00,0.00,0.00,0.00, '2020-05-05 22:50:54', '2020-06-10 08:51:14', 1, 1),
(116,"SUPOSITORIOS DE GLICERINA ADULTO","7467922680230","01-57-IMP-00000115",5,63,"1","2",1,2.20,100.00,100.00,100.00,124.09,151.82,0.00,0.00,4.40,200.00,200.00,224.09,312.48,151.82,0.00, '2020-05-05 22:50:54', '2020-06-10 08:51:14', 1, 1),
(117,"SUPOSITORIOS DE GLICERINA PEDIATRICO","7467922680247","01-57-IMP-00000116",5,63,"1","2",0,2.20,100.00,100.00,100.00,124.09,151.82,0.00,0.00,4.40,200.00,200.00,224.09,312.48,151.82,0.00, '2020-05-05 22:50:54', '2020-06-10 08:51:14', 1, 1),
(118,"KALVEN 60ML","7467922680292","01-26-IMP-00000117",5,33,"1","2",0,0.00,20.00,30.00,35.00,0.00,0.00,0.00,0.00,0.00,26.00,40.50,35.00,0.00,0.00,0.00, '2020-05-05 22:50:54', '2020-06-10 08:51:14', 1, 1),
(119,"OVIL-M OVULOS","7467922680407","01-23-IMP-00000118",5,30,"1","2",1,18.00,105.56,105.56,105.56,105.56,159.00,0.00,0.00,37.00,216.98,216.98,216.98,273.39,159.00,0.00, '2020-05-05 22:50:54', '2020-06-10 08:51:14', 1, 1),
(120,"SULTRIM 50 ML","7467922680490","01-19-IMP-00000119",5,26,"1","2",0,2.80,120.00,116.43,137.50,120.00,110.00,0.00,0.00,6.16,259.71,276.52,302.50,252.00,110.00,0.00, '2020-05-05 22:50:54', '2020-06-10 08:51:14', 1, 1),
(121,"PICETAM 800MG X 30 TABLETAS","7467922680568","01-55-IMP-00000120",5,61,"1","2",0,3.80,7.89,18.42,18.42,18.42,49.21,0.00,0.00,4.10,9.35,21.81,21.81,27.49,49.21,0.00, '2020-05-05 22:50:54', '2020-06-10 08:51:14', 1, 1),
(122,"CLIOFAR (CLINDAMICINA) X 7 OVULOS","7467922680759","01-19-IMP-00000121",5,26,"1","2",1,3.65,154.79,154.79,154.79,154.57,221.10,0.00,0.00,9.30,394.41,394.41,394.05,496.31,221.10,0.00, '2020-05-05 22:50:54', '2020-06-10 08:51:14', 1, 1),
(123,"AMCORT JARABE 60 ML","7467922680889","01-26-IMP-00000122",5,33,"1","2",1,2.80,141.07,132.14,160.36,141.07,170.00,0.00,0.00,6.75,327.49,344.04,386.58,380.89,170.00,0.00, '2020-05-05 22:50:54', '2020-06-10 08:51:14', 1, 1),
(124,"CLOPIDOGREL 75 MG X 100 TABLETAS RECUBIERTAS","7467922680988","01-32-IMP-00000123",5,38,"1","2",1,7.50,124.93,110.00,138.27,124.00,164.67,0.00,0.00,16.87,262.36,262.09,309.72,328.19,164.67,0.00, '2020-05-05 22:50:54', '2020-06-10 08:51:14', 1, 1),
(125,"TIGOFAR 25MG X 30 TABLETAS","7467922681084","01-40-IMP-00000124",5,46,"1","2",0,2.10,20.00,30.00,35.00,0.00,0.00,0.00,0.00,2.52,26.00,40.50,35.00,0.00,0.00,0.00, '2020-05-05 22:50:54', '2020-06-10 08:51:14', 1, 1),
(126,"TIGOFAR 100 MG X 100 TABLETAS","7467922681114","01-40-IMP-00000125",5,46,"1","2",1,4.22,54.03,54.03,54.03,134.60,46.92,0.00,0.00,6.50,83.22,83.22,126.75,197.75,46.92,0.00, '2020-05-05 22:50:54', '2020-06-10 08:51:14', 1, 1),
(127,"TIGOFAR 50MG X 100 TABLETAS","7467922681466","01-40-IMP-00000126",5,46,"1","2",1,4.17,20.00,107.67,20.00,111.03,25.90,0.00,0.00,5.00,41.53,129.21,42.21,139.79,25.90,0.00, '2020-05-05 22:50:54', '2020-06-10 08:51:14', 1, 1),
(128,"NORPRIM 81MG X 100 TABLETAS","7467922682173","01-03-IMP-00000127",5,10,"1","2",0,4.30,20.00,30.00,35.00,0.00,0.00,0.00,0.00,5.16,26.00,40.50,35.00,0.00,0.00,0.00, '2020-05-05 22:50:54', '2020-06-10 08:51:14', 1, 1),
(129,"CALMEX 8 MG X 30 TABLETAS","7467922682227","01-48-IMP-00000128",5,54,"1","2",0,3.88,20.00,30.00,35.00,0.00,0.00,0.00,0.00,4.66,26.00,40.50,35.00,0.00,0.00,0.00, '2020-05-05 22:50:54', '2020-06-10 08:51:14', 1, 1),
(130,"CALMEX 16MG X 30 TABLETAS","7467922682234","01-48-IMP-00000129",5,54,"1","2",1,2.45,120.00,134.69,134.69,134.69,195.92,0.00,0.00,5.39,281.63,316.12,316.12,398.58,195.92,0.00, '2020-05-05 22:50:54', '2020-06-10 08:51:14', 1, 1),
(131,"CALMEX 32MG X 30 TABLETAS","7467922682319","01-48-IMP-00000130",5,54,"1","2",0,5.85,20.00,30.00,35.00,0.00,0.00,0.00,0.00,7.02,26.00,40.50,35.00,0.00,0.00,0.00, '2020-05-05 22:50:54', '2020-06-10 08:51:14', 1, 1),
(132,"DICLOFENAC - K X 100 TABLETAS","74681191031112","01-28-IMP-00000131",8,34,"1","2",1,1.92,109.90,109.90,123.96,123.96,164.58,0.00,0.00,4.03,230.67,246.12,277.62,327.97,164.58,0.00, '2020-05-05 22:50:54', '2020-06-10 08:51:14', 1, 1),
(133,"ACETAMINOFEN JARABE PEDIATRICO 120MG/5ML 60ML","7468191030030","01-03-IMP-00000132",8,10,"1","2",0,0.00,0.00,0.00,0.00,0.00,0.00,0.00,0.00,0.00,0.00,0.00,0.00,0.00,0.00,0.00, '2020-05-05 22:50:54', '2020-06-10 08:51:14', 1, 1),
(134,"CARVEDILOL 6,25MG X 100 TABLETAS","7468191030078","01-48-IMP-00000133",8,54,"1","2",1,4.03,212.66,160.55,241.19,241.19,225.81,0.00,0.00,12.59,554.06,547.77,822.92,785.82,225.81,0.00, '2020-05-05 22:50:54', '2020-06-10 08:51:14', 1, 1),
(135,"SERTRALINA 50 MG X 100 TABLETAS","7468191030153","01-08-IMP-00000134",8,15,"1","2",1,5.94,102.02,118.86,123.40,190.74,177.78,0.00,0.00,12.00,223.28,265.52,358.78,529.84,177.78,0.00, '2020-05-05 22:50:54', '2020-06-10 08:51:14', 1, 1),
(136,"CARVEDILOL 12,5 MG X 100 TABLETAS","7468191030177","01-48-IMP-00000135",8,54,"1","2",1,5.04,118.25,138.10,205.56,205.56,191.67,0.00,0.00,10.99,281.56,421.96,628.09,599.54,191.67,0.00, '2020-05-05 22:50:54', '2020-06-10 08:51:14', 1, 1),
(137,"PIPERACINA JARABE 60 ML","7468191030184","01-53-IMP-00000136",8,59,"1","2",1,0.50,120.00,120.00,142.00,124.00,152.00,0.00,0.00,1.10,264.00,290.40,318.08,312.48,152.00,0.00, '2020-05-05 22:50:54', '2020-06-10 08:51:14', 1, 1),
(138,"CARVEDILOL 25MG X 100 TABLETAS","7468191030191","01-48-IMP-00000137",8,54,"1","2",1,5.94,207.91,206.40,232.49,211.11,196.97,0.00,0.00,18.29,637.04,686.25,723.31,626.94,196.97,0.00, '2020-05-05 22:50:54', '2020-06-10 08:51:14', 1, 1),
(139,"DEFLAZACORT 6 MG X 100 TABLETAS","7468191030207","01-28-IMP-00000138",8,34,"1","2",1,22.50,62.98,77.78,95.56,95.56,124.00,0.00,0.00,36.67,111.96,152.10,186.86,214.04,124.00,0.00, '2020-05-05 22:50:54', '2020-06-10 08:51:14', 1, 1),
(140,"TRIMETOPRIM SULFA SUSPENSION X 60ML","7468191031174","01-19-IMP-00000139",8,26,"1","2",1,0.88,141.67,141.67,258.33,141.67,171.67,0.00,0.00,2.13,342.36,507.64,624.31,384.86,171.67,0.00, '2020-05-05 22:50:54', '2020-06-10 08:51:14', 1, 1),
(141,"CIPROFLOXACINA 500 MG X 100 TABLETAS","7468191031228","01-19-IMP-00000140",8,26,"1","2",0,8.74,113.96,113.96,131.12,113.96,145.08,0.00,0.00,18.70,243.82,263.38,280.55,279.29,145.08,0.00, '2020-05-05 22:50:54', '2020-06-10 08:51:14', 1, 1),
(142,"FLUCONAZOL 150 MG X 100 CAPSULAS","7468191031525","01-23-IMP-00000141",8,30,"1","2",0,20.83,20.00,30.00,35.00,40.00,0.00,0.00,0.00,25.00,26.00,40.50,49.00,40.00,0.00,0.00, '2020-05-05 22:50:54', '2020-06-10 08:51:14', 1, 1),
(143,"ACETAMINOFEN 500 MG X 100 TABLETAS","7468191031532","01-03-IMP-00000142",8,10,"1","2",1,2.50,20.00,36.00,79.60,79.60,101.20,0.00,0.00,3.00,27.20,64.66,142.96,160.16,101.20,0.00, '2020-05-05 22:50:54', '2020-06-10 08:51:14', 1, 1),
(144,"FENITOINA 100 MG X 100 TABLETAS","7468191031754","01-04-IMP-00000143",8,11,"1","2",1,13.50,83.33,116.67,137.63,120.00,89.04,0.00,0.00,24.75,180.56,277.23,302.79,226.84,89.04,0.00, '2020-05-05 22:50:54', '2020-06-10 08:51:14', 1, 1),
(145,"ENALAPRIL 20 MG X 100 TABLETAS","7468191031822","01-48-IMP-00000144",8,54,"1","2",0,1.72,20.00,30.00,32.00,0.00,0.00,0.00,0.00,2.06,26.00,39.60,32.00,0.00,0.00,0.00, '2020-05-05 22:50:54', '2020-06-10 08:51:14', 1, 1),
(146,"ACETAMINOFEN 500MG X 100 TABLETAS","7468191031969","01-03-IMP-00000145",8,10,"1","2",0,2.00,50.00,70.00,124.50,124.50,151.50,0.00,0.00,3.00,85.00,157.15,279.50,313.12,151.50,0.00, '2020-05-05 22:50:54', '2020-06-10 08:51:14', 1, 1),
(147,"PROPANOLOL 40 MG X 100 TABLETAS","7468191032188","01-30-IMP-00000146",8,36,"1","2",1,3.23,80.50,77.71,95.05,80.50,123.84,0.00,0.00,5.83,143.05,151.57,171.55,180.18,123.84,0.00, '2020-05-05 22:50:54', '2020-06-10 08:51:14', 1, 1),
(148,"SALBUTAMOL GOTAS","7468191032294","01-41-IMP-00000147",8,47,"1","2",1,1.19,89.08,219.33,108.40,108.40,138.66,0.00,0.00,2.25,284.44,457.09,225.92,258.71,138.66,0.00, '2020-05-05 22:50:54', '2020-06-10 08:51:14', 1, 1),
(149,"LORATADINA JARABE 60 ML","7468191032492","01-26-IMP-00000148",8,33,"1","2",0,1.00,78.00,62.00,110.00,68.00,89.00,0.00,0.00,1.78,126.36,130.20,184.80,128.52,89.00,0.00, '2020-05-05 22:50:54', '2020-06-10 08:51:14', 1, 1),
(150,"CEFADROXILO 250 MG/5ML SUSPENSION 60ML","7468191032706","01-19-IMP-00000149",8,26,"1","2",1,1.88,88.83,101.60,108.51,108.51,134.04,0.00,0.00,3.55,179.08,211.84,226.26,253.96,134.04,0.00, '2020-05-05 22:50:54', '2020-06-10 08:51:14', 1, 1),
(151,"CEFADROXILO 500MG X 100 CAPSULAS","7468191032713","01-19-IMP-00000150",8,26,"1","2",1,13.86,114.29,65.95,98.41,98.41,127.27,0.00,0.00,29.70,189.65,130.84,195.26,223.67,127.27,0.00, '2020-05-05 22:50:54', '2020-06-10 08:51:14', 1, 1),
(152,"ACETAMINOFEN 750MG X 100 TABLETAS","7468191032904","01-03-IMP-00000151",8,10,"1","2",0,2.92,20.00,30.00,35.00,0.00,0.00,0.00,0.00,3.50,26.00,40.50,35.00,0.00,0.00,0.00, '2020-05-05 22:50:54', '2020-06-10 08:51:14', 1, 1),
(153,"DIGOXINA 0,25MG X 100 TABLETAS","7468191032997","01-46-IMP-00000152",8,52,"1","2",1,4.36,100.00,106.42,100.00,51.38,152.06,0.00,0.00,8.72,206.42,212.84,151.38,129.50,152.06,0.00, '2020-05-05 22:50:54', '2020-06-10 08:51:14', 1, 1),
(154,"AZITROMICINA POLV SUSPENCION 200MG/5ML 15ML","7468191033192","01-19-IMP-00000153",8,26,"1","2",1,0.70,164.29,257.14,381.43,381.43,481.43,0.00,0.00,1.85,586.73,1237.96,1836.31,2217.73,481.43,0.00, '2020-05-05 22:50:54', '2020-06-10 08:51:14', 1, 1),
(155,"FOSFOMICINA 250MG /5ML SUSPENCION","7468191033437","01-19-IMP-00000154",8,26,"1","2",0,2.39,140.17,110.04,140.17,140.17,164.85,0.00,0.00,5.74,294.41,264.28,336.64,371.24,164.85,0.00, '2020-05-05 22:50:54', '2020-06-10 08:51:14', 1, 1),
(156,"CETRIN-81 X 100 TABLETAS","7468191033475","01-14-IMP-00000155",8,21,"1","2",1,1.40,110.00,110.00,124.29,124.29,164.29,0.00,0.00,2.94,231.00,246.71,278.76,328.47,164.29,0.00, '2020-05-05 22:50:54', '2020-06-10 08:51:14', 1, 1),
(157,"CIPROFLOXACINA 750 MG X 100 TABLETAS","7468191033543","01-19-IMP-00000156",8,26,"1","2",0,12.37,102.10,132.82,141.79,141.79,170.90,0.00,0.00,25.00,237.71,321.15,342.85,384.12,170.90,0.00, '2020-05-05 22:50:54', '2020-06-10 08:51:14', 1, 1),
(158,"HALOPERIDOL 5 MG X 20 TABLETAS","7468191033574","01-06-IMP-00000157",8,13,"1","2",1,1.35,110.00,100.00,125.00,110.00,125.00,0.00,0.00,2.84,220.00,225.00,262.50,247.50,125.00,0.00, '2020-05-05 22:50:54', '2020-06-10 08:51:14', 1, 1),
(159,"ALBENDAZOL 400 MG/10ML X 50 SOBRES","7468191033871","01-53-IMP-00000158",8,59,"1","2",1,13.00,122.31,73.08,153.85,153.85,180.38,0.00,0.00,28.90,211.69,185.50,390.53,431.36,180.38,0.00, '2020-05-05 22:50:54', '2020-06-10 08:51:14', 1, 1),
(160,"PREDNISONA 50 MG X 100 TABLETAS","7468191034298","01-37-IMP-00000159",8,43,"1","2",1,18.75,71.20,84.85,87.73,87.73,79.20,0.00,0.00,32.10,131.62,159.30,164.70,157.22,79.20,0.00, '2020-05-05 22:50:54', '2020-06-10 08:51:14', 1, 1),
(161,"NITAZOXANIDA POLVO SUSPENSION 30 ML","7468191034618","01-53-IMP-00000160",8,59,"1","2",1,1.04,111.54,110.58,128.85,111.54,142.31,0.00,0.00,2.20,234.87,253.05,272.56,270.27,142.31,0.00, '2020-05-05 22:50:54', '2020-06-10 08:51:14', 1, 1),
(162,"RISPERIDONA 2 MG X 100 TABLETAS","7468191034663","01-06-IMP-00000161",8,13,"1","2",0,13.75,116.00,112.73,116.00,116.00,147.42,0.00,0.00,29.70,246.76,243.49,250.56,287.01,147.42,0.00, '2020-05-05 22:50:54', '2020-06-10 08:51:14', 1, 1),
(163,"CLINDAMICINA 100 MG X 6 OVULOS VAGINALES","7468191034700","01-23-IMP-00000162",8,30,"1","2",0,1.60,110.00,110.00,110.00,110.00,164.38,0.00,0.00,3.36,231.00,231.00,231.00,290.81,164.38,0.00, '2020-05-05 22:50:54', '2020-06-10 08:51:14', 1, 1),
(164,"AMOXICILINA 250MG/5ML SUSPENSION 60ML","7468191035943","01-19-IMP-00000163",8,26,"1","2",0,0.59,137.29,103.39,155.93,137.29,122.03,0.00,0.00,1.40,279.23,264.61,370.01,304.83,122.03,0.00, '2020-05-05 22:50:54', '2020-06-10 08:51:14', 1, 1),
(165,"ACIDO FOLICO JARABE 120 ML","7468191036360","01-18-IMP-00000164",8,25,"1","2",1,0.94,102.13,113.83,122.34,122.34,154.26,0.00,0.00,1.90,218.38,253.09,272.01,311.06,154.26,0.00, '2020-05-05 22:50:54', '2020-06-10 08:51:14', 1, 1),
(166,"CLOTRIMAZOL CREMA TOPICA 20 G","7468191037114","01-23-IMP-00000165",8,30,"1","2",0,0.94,114.89,114.89,131.91,114.89,141.49,0.00,0.00,2.01,246.90,266.46,283.48,277.46,141.49,0.00, '2020-05-05 22:50:54', '2020-06-10 08:51:14', 1, 1),
(167,"FLUCONAZOL 150MG X1CAP","7468191037657","01-23-IMP-00000166",8,30,"1","2",0,2.22,20.00,30.00,35.00,40.00,0.00,0.00,0.00,2.66,26.00,40.50,49.00,40.00,0.00,0.00, '2020-05-05 22:50:54', '2020-06-10 08:51:14', 1, 1),
(168,"METRONIDAZOL 250 MG/ 5ML SUSPENSION 120ML","7468191038562","01-19-IMP-00000167",8,26,"1","2",1,1.13,90.27,100.01,108.85,108.85,134.51,0.00,0.00,2.15,180.54,208.87,227.33,255.27,134.51,0.00, '2020-05-05 22:50:54', '2020-06-10 08:51:14', 1, 1),
(169,"VITAMINA K 10 MG X 100 TABLETAS","7468191039163","01-45-IMP-00000168",8,51,"1","2",0,3.74,92.78,92.78,92.78,92.78,142.78,0.00,0.00,7.21,178.86,178.86,178.86,225.25,142.78,0.00, '2020-05-05 22:50:54', '2020-06-10 08:51:14', 1, 1),
(170,"HIDROCLOROTIAZIDA 12,5 MG X 100 TABLETAS","7468191039255","01-14-IMP-00000169",8,21,"1","2",1,2.36,86.86,101.27,104.66,104.66,134.32,0.00,0.00,4.41,174.83,207.26,214.20,245.24,134.32,0.00, '2020-05-05 22:50:54', '2020-06-10 08:51:14', 1, 1),
(171,"DICLOFENAC POTASICO 100MG X 1000 TABLETAS","7468191040022","01-28-IMP-00000170",7,34,"1","2",1,18.50,110.00,100.00,125.00,110.00,125.00,0.00,0.00,38.85,220.00,225.00,262.50,247.50,125.00,0.00, '2020-05-05 22:50:54', '2020-06-10 08:51:14', 1, 1),
(172,"ACETAMINOFEN 500MG X 1000 TABLETAS","7468191040039","01-03-IMP-00000171",8,10,"1","2",1,9.10,110.00,100.00,125.00,110.00,125.00,0.00,0.00,19.11,220.00,225.00,262.50,247.50,125.00,0.00, '2020-05-05 22:50:54', '2020-06-10 08:51:14', 1, 1),
(173,"ACICLOVIR 5% CREMA 10GR","7468438461115","01-34-IMP-00000172",7,40,"1","2",0,2.97,20.00,30.00,35.00,40.00,0.00,0.00,0.00,3.56,26.00,40.50,49.00,40.00,0.00,0.00, '2020-05-05 22:50:54', '2020-06-10 08:51:14', 1, 1),
(174,"PANTOPRAZOL 40MG X 50 CAPSULAS","7468438461962","01-13-IMP-00000173",7,20,"1","2",0,15.50,20.00,30.00,35.00,0.00,0.00,0.00,0.00,18.60,26.00,40.50,35.00,0.00,0.00,0.00, '2020-05-05 22:50:54', '2020-06-10 08:51:14', 1, 1),
(175,"PREGABALINA 75 MG X 30 CAPSULAS","7468438462518","01-04-IMP-00000174",7,11,"1","2",1,5.25,124.95,100.00,128.19,124.00,152.00,0.00,0.00,11.81,249.90,228.19,287.15,312.48,152.00,0.00, '2020-05-05 22:50:54', '2020-06-10 08:51:14', 1, 1),
(176,"TAMSULOSINA 0,4 MG X 50 TABLETAS","7468438463560","01-37-IMP-00000175",7,43,"1","2",1,7.15,173.85,100.00,215.80,173.85,152.03,0.00,0.00,19.58,347.69,315.80,590.97,438.14,152.03,0.00, '2020-05-05 22:50:54', '2020-06-10 08:51:14', 1, 1),
(177,"FORMULA NAN PRO DE 0-6 MESES 400GR","750105922751","05-IMP-00000001",NULL,5,"1","2",0,0.00,0.00,0.00,0.00,0.00,0.00,0.00,0.00,0.00,0.00,0.00,0.00,0.00,0.00,0.00, '2020-05-05 22:50:54', '2020-06-10 08:51:14', 1, 1),
(178,"FORMULA NAN PRO DE 6-24 MESES 400GR","750105922752","05-IMP-00000002",NULL,5,"1","2",0,0.00,0.00,0.00,0.00,0.00,0.00,0.00,0.00,0.00,0.00,0.00,0.00,0.00,0.00,0.00, '2020-05-05 22:50:54', '2020-06-10 08:51:14', 1, 1),
(179,"ARROZ EL PAIS 1KG X10 UNID","7840533000022","03-IMP-00000001",NULL,3,"1","2",0,0.00,0.00,0.00,0.00,0.00,0.00,0.00,0.00,0.00,0.00,0.00,0.00,0.00,0.00,0.00, '2020-05-05 22:50:54', '2020-06-10 08:51:14', 1, 1),
(180,"JUGO DOREMI COCTEL DE FRUTAS 200ML X 27UNID","8661744070690","04-IMP-00000001",NULL,4,"1","2",0,0.00,0.00,0.00,0.00,0.00,0.00,0.00,0.00,0.00,0.00,0.00,0.00,0.00,0.00,0.00, '2020-05-05 22:50:54', '2020-06-10 08:51:14', 1, 1),
(181,"PAÑALES HAPPIX 2 MINI 3-6 KG X 44","8680913449961","05-IMP-00000003",NULL,5,"1","2",0,0.00,20.00,30.00,35.00,0.00,0.00,0.00,0.00,0.00,26.00,40.50,35.00,0.00,0.00,0.00, '2020-05-05 22:50:54', '2020-06-10 08:51:14', 1, 1),
(182,"PAÑALES HAPPIX # 3 MIDI 9 KG X 40","8680913449978","05-IMP-00000004",NULL,5,"1","2",1,3.57,20.00,30.00,35.00,0.00,0.00,0.00,0.00,4.28,26.00,40.50,35.00,0.00,0.00,0.00, '2020-05-05 22:50:54', '2020-06-10 08:51:14', 1, 1),
(183,"PAÑALES HAPPIX # 4 MAXI 7-18KG X 36","8680913449985","05-IMP-00000005",NULL,5,"1","2",1,4.60,20.00,30.00,35.00,0.00,0.00,0.00,0.00,5.52,26.00,40.50,35.00,0.00,0.00,0.00, '2020-05-05 22:50:54', '2020-06-10 08:51:14', 1, 1),
(184,"PAÑALES HAPPIX #5 JUNIOR 11-25 KG X28","8680913449992","05-IMP-00000006",NULL,5,"1","2",1,4.65,20.00,30.00,35.00,0.00,0.00,0.00,0.00,5.58,26.00,40.50,35.00,0.00,0.00,0.00, '2020-05-05 22:50:54', '2020-06-10 08:51:14', 1, 1),
(185,"JABON WINEX ROSE 75G X96UND","8681725020614","06-IMP-00000001",NULL,6,"1","2",0,0.00,0.00,0.00,0.00,0.00,0.00,0.00,0.00,0.00,0.00,0.00,0.00,0.00,0.00,0.00, '2020-05-05 22:50:54', '2020-06-10 08:51:14', 1, 1),
(186,"JABON WINEX FRESH 75G X 96UND","8681725020621","06-IMP-00000002",NULL,6,"1","2",0,0.00,0.00,0.00,0.00,0.00,0.00,0.00,0.00,0.00,0.00,0.00,0.00,0.00,0.00,0.00, '2020-05-05 22:50:54', '2020-06-10 08:51:14', 1, 1),
(187,"JABON WINEX LEMON 75G X 96UND","8681725020638","06-IMP-00000003",NULL,6,"1","2",0,0.00,0.00,0.00,0.00,0.00,0.00,0.00,0.00,0.00,0.00,0.00,0.00,0.00,0.00,0.00, '2020-05-05 22:50:54', '2020-06-10 08:51:14', 1, 1),
(188,"JUGO DOREMI CEREZA 200ML X 27UND","8681744070669","04-IMP-00000002",NULL,4,"1","2",0,0.00,0.00,0.00,0.00,0.00,0.00,0.00,0.00,0.00,0.00,0.00,0.00,0.00,0.00,0.00, '2020-05-05 22:50:54', '2020-06-10 08:51:14', 1, 1),
(189,"JUGO DOREMI DURAZNO 200ML X 27UND","8681744070683","04-IMP-00000003",NULL,4,"1","2",0,0.00,0.00,0.00,0.00,0.00,0.00,0.00,0.00,0.00,0.00,0.00,0.00,0.00,0.00,0.00, '2020-05-05 22:50:54', '2020-06-10 08:51:14', 1, 1),
(190,"JUGO DOREMI NJARANJA 200ML *27UND","8681744070706","04-IMP-00000004",NULL,4,"1","2",0,0.00,0.00,0.00,0.00,0.00,0.00,0.00,0.00,0.00,0.00,0.00,0.00,0.00,0.00,0.00, '2020-05-05 22:50:54', '2020-06-10 08:51:14', 1, 1),
(191,"JABON EN POLV YETIS 500G X24UND","8690058995360","06-IMP-00000004",NULL,6,"1","2",0,0.00,0.00,0.00,0.00,0.00,0.00,0.00,0.00,0.00,0.00,0.00,0.00,0.00,0.00,0.00, '2020-05-05 22:50:54', '2020-06-10 08:51:14', 1, 1),
(192,"PASTA TADIM TORNILLO 500G X20UNID","8690325007048","03-IMP-00000002",NULL,3,"1","2",0,0.00,0.00,0.00,0.00,0.00,0.00,0.00,0.00,0.00,0.00,0.00,0.00,0.00,0.00,0.00, '2020-05-05 22:50:54', '2020-06-10 08:51:14', 1, 1),
(193,"PASTA TADIM CARACOL 500G X 20UND","8690325015043","03-IMP-00000003",NULL,3,"1","2",0,0.00,0.00,0.00,0.00,0.00,0.00,0.00,0.00,0.00,0.00,0.00,0.00,0.00,0.00,0.00, '2020-05-05 22:50:54', '2020-06-10 08:51:14', 1, 1),
(194,"PASTA TADIM CODITO 500G X20UND","8690325016040","03-IMP-00000004",NULL,3,"1","2",0,0.00,0.00,0.00,0.00,0.00,0.00,0.00,0.00,0.00,0.00,0.00,0.00,0.00,0.00,0.00, '2020-05-05 22:50:54', '2020-06-10 08:51:14', 1, 1),
(195,"PASTA TADIM PLUMA 500G X 20UND","8690325018044","03-IMP-00000005",NULL,3,"1","2",0,0.00,0.00,0.00,0.00,0.00,0.00,0.00,0.00,0.00,0.00,0.00,0.00,0.00,0.00,0.00, '2020-05-05 22:50:54', '2020-06-10 08:51:14', 1, 1),
(196,"PASTA TADIM LARGA 500G X20UND","8690325022041","03-IMP-00000006",NULL,3,"1","2",0,0.00,0.00,0.00,0.00,0.00,0.00,0.00,0.00,0.00,0.00,0.00,0.00,0.00,0.00,0.00, '2020-05-05 22:50:54', '2020-06-10 08:51:14', 1, 1),
(197,"TOALLIN FOCUS OPTIMUN X2 X12UND","8690536011636","06-IMP-00000005",NULL,6,"1","2",0,0.00,0.00,0.00,0.00,0.00,0.00,0.00,0.00,0.00,0.00,0.00,0.00,0.00,0.00,0.00, '2020-05-05 22:50:54', '2020-06-10 08:51:14', 1, 1),
(198,"PAPEL HIG MAVI BEYAZ X10 X 6 UNIDAD","8691355600964","06-IMP-00000006",NULL,6,"1","2",0,0.00,0.00,0.00,0.00,0.00,0.00,0.00,0.00,0.00,0.00,0.00,0.00,0.00,0.00,0.00, '2020-05-05 22:50:54', '2020-06-10 08:51:14', 1, 1),
(199,"JABON EN POLV SISAS 400G X24UND","8696961999914","06-IMP-00000007",NULL,6,"1","2",0,0.00,0.00,0.00,0.00,0.00,0.00,0.00,0.00,0.00,0.00,0.00,0.00,0.00,0.00,0.00, '2020-05-05 22:50:54', '2020-06-10 08:51:14', 1, 1),
(200,"PAPEL HIG MAVI BEYAZ X4  X12UND","8697459720041","06-IMP-00000008",NULL,6,"1","2",0,0.00,0.00,0.00,0.00,0.00,0.00,0.00,0.00,0.00,0.00,0.00,0.00,0.00,0.00,0.00, '2020-05-05 22:50:54', '2020-06-10 08:51:14', 1, 1),
(201,"HARINA DE TRIGO YAMA1KG X12UND","8698644871043","03-IMP-00000007",NULL,3,"1","2",0,0.00,0.00,0.00,0.00,0.00,0.00,0.00,0.00,0.00,0.00,0.00,0.00,0.00,0.00,0.00, '2020-05-05 22:50:54', '2020-06-10 08:51:14', 1, 1),
(202,"AMLODIPINA 5 MG X 100 TABLETAS","8904171901024","01-19-IMP-00000177",1,26,"1","2",1,0.81,103.70,122.22,316.05,316.05,366.67,0.00,0.00,1.65,230.45,508.50,1314.92,1474.90,366.67,0.00, '2020-05-05 22:50:54', '2020-06-10 08:51:14', 1, 1),
(203,"PLUSONE-D LEVONORGESTREL 1,5 MG X 1 TABLETA","8904171901772","01-51-IMP-00000178",1,57,"1","2",1,0.35,42.86,42.86,71.43,220.00,168.57,0.00,0.00,0.50,61.22,73.47,228.57,590.86,168.57,0.00, '2020-05-05 22:50:54', '2020-06-10 08:51:14', 1, 1),
(204,"MEBENDAZOL 100 MG/5ML SUSPENSION 30ML","8904171902373","01-53-IMP-00000179",1,59,"1","2",1,0.30,293.33,290.00,323.33,293.33,353.33,0.00,0.00,1.18,1144.00,1227.67,1271.78,1329.78,353.33,0.00, '2020-05-05 22:50:54', '2020-06-10 08:51:14', 1, 1),
(205,"VIZZGRA (SILDENAFIL) 100 MG X 4 TABLETAS EFERVESCENTES","8904171903288","01-52-IMP-00000180",1,58,"1","2",1,0.59,142.37,169.49,174.58,174.58,215.25,0.00,0.00,1.43,383.68,465.38,479.35,550.36,215.25,0.00, '2020-05-05 22:50:54', '2020-06-10 08:51:14', 1, 1),
(206,"NISTATINA CREMA VAGINAL 30GR","8904171908603","01-23-IMP-00000181",NULL,30,"1","2",0,0.50,294.00,224.00,302.00,236.00,278.00,0.00,0.00,1.97,952.56,900.48,1014.72,892.08,278.00,0.00, '2020-05-05 22:50:54', '2020-06-10 08:51:14', 1, 1),
(207,"ALBENDAZOL 400 MG X 20 BLISTER X 1TABLETA MASTICABLE","8904171911061","01-53-IMP-00000182",1,59,"1","2",1,0.49,532.65,781.63,795.92,795.92,926.53,0.00,0.00,3.10,4696.04,7002.79,7130.78,8170.35,926.53,0.00, '2020-05-05 22:50:54', '2020-06-10 08:51:14', 1, 1),
(208,"CLOTRIMAZOL 1% W/W CREMA 30 G","8904171911429","01-23-IMP-00000183",1,30,"1","2",0,0.47,187.23,223.40,261.70,234.04,276.60,0.00,0.00,1.35,605.52,808.06,874.20,881.39,276.60,0.00, '2020-05-05 22:50:54', '2020-06-10 08:51:14', 1, 1),
(209,"CLARITROMICINA 500 MG X 20 TABLETAS","8904181403525","01-19-IMP-00000184",10,26,"1","2",1,2.90,106.90,106.90,202.07,340.00,404.14,0.00,0.00,6.00,221.17,322.90,889.10,1714.07,404.14,0.00, '2020-05-05 22:50:54', '2020-06-10 08:51:14', 1, 1),
(210,"ACIDO FOLICO 5MG X 100 TABLETAS","8906046420603","01-50-IMP-00000185",11,56,"1","2",1,0.92,110.00,100.00,125.00,110.00,125.00,0.00,0.00,1.93,220.00,225.00,262.50,247.50,125.00,0.00, '2020-05-05 22:50:54', '2020-06-10 08:51:14', 1, 1),
(211,"LOSARTAN POTASICO 50MG X 100TABLETAS","8906046420689","01-14-IMP-00000186",11,21,"1","2",1,2.46,110.00,100.00,125.00,110.00,125.00,0.00,0.00,5.17,220.00,225.00,262.50,247.50,125.00,0.00, '2020-05-05 22:50:54', '2020-06-10 08:51:14', 1, 1),
(212,"KETOROLACO TROMETAMINA 60MG/2ML  X1 AMPOLLAS","8906047111346","01-28-IMP-00000187",1,34,"1","2",1,0.99,465.66,490.91,513.13,513.13,128.28,0.00,0.00,5.60,2751.61,3009.92,3146.17,1171.39,128.28,0.00, '2020-05-05 22:50:54', '2020-06-10 08:51:14', 1, 1),
(213,"SOLUCION 0.9% ISOTONIC SODIUM CHLORIDE","8699606690696","01-59-IMP-00000188",12,65,"1","2",1,0.96,20,30,35,0.00,0.00,0.00,0.00,1.15,1.25,1.3,0.96,0.96,0.96,0.96, '2020-05-05 22:50:54', '2020-06-10 08:51:14', 1, 1);
